Source,Target,source.type,target.type,abs.r,r,p.n,p
(c)Betaproteobacteria,Segmented,genus,CT,0.537324205679143,0.537324205679143,pos,0.000243317554346541
(f)Acetobacteraceae,MEdeeppink1,genus,trans,0.42111660319261,-0.42111660319261,neg,0.00548230305953657
(f)Acetobacteraceae,MEperu,genus,trans,0.470059152418767,-0.470059152418767,neg,0.00168358327695268
(f)Aerococcaceae,MEseashell4,genus,trans,0.401183048375334,-0.401183048375334,neg,0.00846010825563653
(f)Bacillaceae,MEfirebrick2,genus,trans,0.409610242281825,-0.409610242281825,neg,0.0070644045089416
(f)Bacillaceae,MEmediumpurple,genus,trans,0.540717932096265,0.540717932096265,pos,0.00021827530014702
(f)Bacillaceae,MEnavajowhite2,genus,trans,0.409772303703103,0.409772303703103,pos,0.00703964187358977
(f)Bacillaceae,MEperu,genus,trans,0.43084028846933,0.43084028846933,pos,0.00439481847156586
(f)Caulobacteraceae,MEdarkgoldenrod1,genus,trans,0.401183048375334,0.401183048375334,pos,0.00846010825563653
(f)Caulobacteraceae,MEdarkgoldenrod4,genus,trans,0.425168138724577,0.425168138724577,pos,0.0050036810676697
(f)Caulobacteraceae,MEdarkolivegreen1,genus,trans,0.415120330605299,0.415120330605299,pos,0.00626344604373155
(f)Caulobacteraceae,MEdeeppink2,genus,trans,0.477027793533749,0.477027793533749,pos,0.00140265676054447
(f)Caulobacteraceae,MEfirebrick2,genus,trans,0.481079329065716,0.481079329065716,pos,0.00125918032304235
(f)Caulobacteraceae,MEindianred3,genus,trans,0.52548415849607,0.52548415849607,pos,0.000352273789971549
(f)Caulobacteraceae,MElightgreen,genus,trans,0.410258487966939,-0.410258487966939,neg,0.00696580313673009
(f)Caulobacteraceae,MElightpink3,genus,trans,0.45271858034195,0.45271858034195,pos,0.00260911401367095
(f)Caulobacteraceae,MEpowderblue,genus,trans,0.410258487966939,0.410258487966939,pos,0.00696580313673009
(f)Caulobacteraceae,MErosybrown2,genus,trans,0.470221213840045,0.470221213840045,pos,0.00167652317798532
(f)Caulobacteraceae,MErosybrown3,genus,trans,0.478324284903979,0.478324284903979,pos,0.0013552429902828
(f)Enterobacteriaceae,MEaquamarine1,genus,trans,0.400858925532777,-0.400858925532777,neg,0.00851821610958764
(f)Enterobacteriaceae,MEbrown1,genus,trans,0.40166923263917,0.40166923263917,pos,0.0083735857082127
(f)Enterobacteriaceae,MEcornflowerblue,genus,trans,0.425654322988413,0.425654322988413,pos,0.00494876402334396
(f)Enterobacteriaceae,MEdarkolivegreen4,genus,trans,0.402803662588121,0.402803662588121,pos,0.00817465449567013
(f)Enterobacteriaceae,MEdarkseagreen1,genus,trans,0.404262215379629,-0.404262215379629,neg,0.00792487253989892
(f)Enterobacteriaceae,MElavender,genus,trans,0.422413094562839,0.422413094562839,pos,0.00532499602338417
(f)Enterobacteriaceae,MEmagenta,genus,trans,0.41139291791589,-0.41139291791589,neg,0.00679610918823435
(f)Enterobacteriaceae,MEmediumblue,genus,trans,0.489182400129649,-0.489182400129649,neg,0.00101071223711358
(f)Enterobacteriaceae,MEmintcream,genus,trans,0.514788104691678,-0.514788104691678,neg,0.00048649474288573
(f)Enterobacteriaceae,MEnavajowhite4,genus,trans,0.408151689490317,0.408151689490317,pos,0.0072906733529579
(f)Enterobacteriaceae,MEpalegreen4,genus,trans,0.550117494530427,0.550117494530427,pos,0.000160584871904236
(f)Enterobacteriaceae,MEpurple2,genus,trans,0.401020986954056,0.401020986954056,pos,0.00848911943138595
(f)Enterobacteriaceae,MEtan4,genus,trans,0.471679766631553,-0.471679766631553,neg,0.00161415132882967
(f)Enterobacteriaceae,MEthistle4,genus,trans,0.409772303703103,-0.409772303703103,neg,0.00703964187358977
(f)Enterobacteriaceae,MEwhitesmoke,genus,trans,0.428085244307593,-0.428085244307593,neg,0.0046819693952177
(f)Enterococcaceae,MEnavajowhite1,genus,trans,0.425654322988413,0.425654322988413,pos,0.00494876402334396
(f)Flammeovirgaceae,InnerMiddleOuterBelt,genus,CT,0.410902663085372,-0.410902663085372,neg,0.00686900062497344
(f)Micrococcaceae,MElemonchiffon3,genus,trans,0.400048618426384,-0.400048618426384,neg,0.00866498918913198
(f)Moraxellaceae,MEpowderblue,genus,trans,0.470059152418767,0.470059152418767,pos,0.00168358327695268
(f)Neisseriaceae,MElemonchiffon4,genus,trans,0.485779110282797,-0.485779110282797,neg,0.00110918833756419
(f)Neisseriaceae,MEmistyrose1,genus,trans,0.41139291791589,0.41139291791589,pos,0.00679610918823435
(f)Neisseriaceae,MEroyalblue1,genus,trans,0.410096426545661,0.410096426545661,pos,0.00699034137294186
(f)Oxalobacteraceae,MEantiquewhite,genus,trans,0.486265294546633,-0.486265294546633,neg,0.00109461756624832
(f)Oxalobacteraceae,MEaquamarine1,genus,trans,0.411554979337169,-0.411554979337169,neg,0.00677216123532566
(f)Oxalobacteraceae,MEblueviolet,genus,trans,0.500850822461713,-0.500850822461713,neg,0.000729437481988317
(f)Oxalobacteraceae,MEbrown2,genus,trans,0.413985900656349,0.413985900656349,pos,0.00642159597678017
(f)Oxalobacteraceae,MEfirebrick3,genus,trans,0.452232396078114,0.452232396078114,pos,0.0026405041918711
(f)Oxalobacteraceae,MEgoldenrod3,genus,trans,0.478486346325257,0.478486346325257,pos,0.00134941736372855
(f)Oxalobacteraceae,MEgoldenrod4,genus,trans,0.424033708775626,-0.424033708775626,neg,0.0051338856916694
(f)Oxalobacteraceae,MEhotpink4,genus,trans,0.488534154444535,-0.488534154444535,neg,0.00102884644942253
(f)Oxalobacteraceae,MEivory,genus,trans,0.46843853820598,0.46843853820598,pos,0.00175564367851246
(f)Oxalobacteraceae,MEkhaki4,genus,trans,0.459687221456932,-0.459687221456932,neg,0.00219389466510425
(f)Oxalobacteraceae,MElavender,genus,trans,0.45142208897172,0.45142208897172,pos,0.00269355911972954
(f)Oxalobacteraceae,MElimegreen,genus,trans,0.440401912324771,-0.440401912324771,neg,0.00351383983435626
(f)Oxalobacteraceae,MEmagenta,genus,trans,0.405720768171137,-0.405720768171137,neg,0.00768169173313074
(f)Oxalobacteraceae,MEmagenta2,genus,trans,0.464387002674013,-0.464387002674013,neg,0.00194785419843063
(f)Oxalobacteraceae,MEmistyrose1,genus,trans,0.424519893039462,-0.424519893039462,neg,0.0050777275481431
(f)Oxalobacteraceae,MEorange3,genus,trans,0.498257839721254,-0.498257839721254,neg,0.000785051834407935
(f)Oxalobacteraceae,MEorangered1,genus,trans,0.479296653431651,-0.479296653431651,neg,0.00132062109164989
(f)Oxalobacteraceae,MEpalegreen3,genus,trans,0.427599060043757,0.427599060043757,pos,0.00473430333209467
(f)Oxalobacteraceae,MEpalevioletred3,genus,trans,0.413499716392513,0.413499716392513,pos,0.00649042496813956
(f)Oxalobacteraceae,MEpeachpuff3,genus,trans,0.457580422980309,-0.457580422980309,neg,0.00231280586874191
(f)Oxalobacteraceae,MEplum1,genus,trans,0.44899116765254,-0.44899116765254,neg,0.0028583855177787
(f)Oxalobacteraceae,MEplum3,genus,trans,0.410744672230775,0.410744672230775,pos,0.0068926342659495
(f)Oxalobacteraceae,MEskyblue3,genus,trans,0.473138319423061,0.473138319423061,pos,0.00155384174841537
(f)Pseudomonadaceae,InnerMiddleOuterBelt,genus,CT,0.471116590078115,-0.471116590078115,neg,0.00163798668734104
(f)Rhodospirillaceae,MEaquamarine,genus,trans,0.428247305728871,-0.428247305728871,neg,0.00466463702208247
(f)Rhodospirillaceae,MEcoral4,genus,trans,0.407665505226481,0.407665505226481,pos,0.00736747299696847
(f)Rhodospirillaceae,MEdeeppink,genus,trans,0.443643140750344,-0.443643140750344,neg,0.00325249095242356
(f)Rhodospirillaceae,MEmagenta4,genus,trans,0.431812656997002,-0.431812656997002,neg,0.00429720151636562
(f)Rhodospirillaceae,MEroyalblue1,genus,trans,0.466331739729357,0.466331739729357,pos,0.001853391011145
(f)Rhodospirillaceae,MEslateblue1,genus,trans,0.407665505226481,0.407665505226481,pos,0.00736747299696847
(g)Achromobacter,MEbisque2,genus,trans,0.406693136698809,-0.406693136698809,neg,0.00752316800141341
(g)Achromobacter,MElightsteelblue1,genus,trans,0.414472084920185,0.414472084920185,pos,0.00635339937548134
(g)Arcobacter,MEwhite,genus,trans,0.451746211814278,-0.451746211814278,neg,0.00267222579841171
(g)Asticcacaulis,MEfirebrick2,genus,trans,0.40653107527753,0.40653107527753,pos,0.00754939106305509
(g)Asticcacaulis,MElightskyblue,genus,trans,0.467790292520865,0.467790292520865,pos,0.0017852226685177
(g)Asticcacaulis,MEpaleturquoise,genus,trans,0.400372741268941,-0.400372741268941,neg,0.00860602120056913
(g)Asticcacaulis,MEred4,genus,trans,0.411230856494611,0.411230856494611,pos,0.00682013028491676
(g)Atopostipes,InnerMiddleOuterBelt,genus,CT,0.417259558603668,-0.417259558603668,neg,0.00597437376794176
(g)Bacillus,MEbisque3,genus,trans,0.426788752937363,0.426788752937363,pos,0.00482265833865443
(g)Bacillus,MEbrown2,genus,trans,0.493395997082894,-0.493395997082894,neg,0.000899615580518986
(g)Bacillus,MEdarkgrey,genus,trans,0.40410015395835,0.40410015395835,pos,0.00795229747893966
(g)Bacillus,MEdarkseagreen2,genus,trans,0.424519893039462,0.424519893039462,pos,0.0050777275481431
(g)Bacillus,MEdeepskyblue4,genus,trans,0.419982173243659,0.419982173243659,pos,0.00562323954042586
(g)Bacillus,MEfirebrick,genus,trans,0.401507171217892,-0.401507171217892,neg,0.00840234159720034
(g)Bacillus,MEgoldenrod2,genus,trans,0.435378008265133,0.435378008265133,pos,0.00395525993602859
(g)Bacillus,MEhotpink2,genus,trans,0.479782837695487,-0.479782837695487,neg,0.00130360621247082
(g)Bacillus,MEivory,genus,trans,0.411068795073333,-0.411068795073333,neg,0.00684422470804362
(g)Bacillus,MEkhaki1,genus,trans,0.455311563082408,-0.455311563082408,neg,0.00244717707454177
(g)Bacillus,MElightpink4,genus,trans,0.410906733652054,-0.410906733652054,neg,0.00686839264061281
(g)Bacillus,MElightseagreen,genus,trans,0.461631958512276,0.461631958512276,pos,0.00208894691528885
(g)Bacillus,MEmagenta2,genus,trans,0.438943359533263,0.438943359533263,pos,0.00363732023888367
(g)Bacillus,MEorange1,genus,trans,0.433757394052346,-0.433757394052346,neg,0.00410762438426152
(g)Bacillus,MEorangered2,genus,trans,0.46357669556762,-0.46357669556762,neg,0.00198845170254373
(g)Bacillus,MEpalevioletred3,genus,trans,0.401993355481728,-0.401993355481728,neg,0.00831632779748291
(g)Bacillus,MEroyalblue3,genus,trans,0.443319017907787,0.443319017907787,pos,0.00327783616323302
(g)Bacillus,MEsalmon2,genus,trans,0.446722307754639,-0.446722307754639,neg,0.00302014481190648
(g)Bacillus,MEslateblue2,genus,trans,0.43813305242687,-0.43813305242687,neg,0.00370754664850506
(g)Bacillus,MEtan4,genus,trans,0.429705858520379,0.429705858520379,pos,0.0045111426344197
(g)Caulobacter,MEaliceblue,genus,trans,0.450611781865327,-0.450611781865327,neg,0.00274754838691019
(g)Caulobacter,MEdarkolivegreen1,genus,trans,0.402479539745564,-0.402479539745564,neg,0.00823107256999511
(g)Caulobacter,MEdeeppink2,genus,trans,0.406206952434973,-0.406206952434973,neg,0.00760207367999312
(g)Caulobacter,MEdodgerblue,genus,trans,0.505388542257516,0.505388542257516,pos,0.000640523975391521
(g)Caulobacter,MEindianred3,genus,trans,0.425492261567134,-0.425492261567134,neg,0.00496701117619599
(g)Caulobacter,MElightskyblue,genus,trans,0.405882829592416,-0.405882829592416,neg,0.00765507290729028
(g)Clostridium,MEblueviolet,genus,trans,0.417875374767037,0.417875374767037,pos,0.00589333234288046
(g)Clostridium,MEchocolate3,genus,trans,0.447532614861032,0.447532614861032,pos,0.0029614750354465
(g)Clostridium,MEdarkseagreen1,genus,trans,0.405234583907301,0.405234583907301,pos,0.00776202738730169
(g)Clostridium,MEgoldenrod4,genus,trans,0.463252572725063,0.463252572725063,pos,0.00200489862290467
(g)Clostridium,MEgreen4,genus,trans,0.408313750911595,0.408313750911595,pos,0.00726522744322083
(g)Clostridium,MEgreenyellow,genus,trans,0.456445993031359,-0.456445993031359,neg,0.00237915657152265
(g)Clostridium,MElightcoral,genus,trans,0.454663317397294,0.454663317397294,pos,0.00248680926173685
(g)Clostridium,MElightpink2,genus,trans,0.406693136698809,0.406693136698809,pos,0.00752316800141341
(g)Clostridium,MElightyellow,genus,trans,0.564703022445507,0.564703022445507,pos,9.79112494372916e-05
(g)Clostridium,MEmagenta1,genus,trans,0.427274937201199,0.427274937201199,pos,0.00476947481123464
(g)Clostridium,MEmediumorchid4,genus,trans,0.434567701158739,0.434567701158739,pos,0.00403081381041952
(g)Clostridium,MEpaleturquoise3,genus,trans,0.462118142776112,0.462118142776112,pos,0.00206341208545347
(g)Clostridium,MEpalevioletred,genus,trans,0.405882829592416,0.405882829592416,pos,0.00765507290729028
(g)Clostridium,MEroyalblue1,genus,trans,0.436026253950247,0.436026253950247,pos,0.00389571009122245
(g)Clostridium,MEslateblue3,genus,trans,0.414958269184021,0.414958269184021,pos,0.00628583039007139
(g)Clostridium,MEslateblue4,genus,trans,0.488858277287092,0.488858277287092,pos,0.00101974347439854
(g)Clostridium,MEsnow,genus,trans,0.512843367636334,0.512843367636334,pos,0.000515319346240595
(g)Enhydrobacter,MEviolet,genus,trans,0.407827566647759,0.407827566647759,pos,0.00734179594041382
(g)Geobacillus,MEtomato4,genus,trans,0.417227129081922,0.417227129081922,pos,0.00597866812600643
(g)Isobaculum,Ctvalue,genus,CT,0.554703832752613,-0.554703832752613,neg,0.000167506055133964
(g)Isobaculum,LesionType,genus,CT,0.551339373201813,-0.551339373201813,neg,0.000154199963206186
(g)Isobaculum,MEcoral4,genus,trans,0.474110687950733,0.474110687950733,pos,0.00151475205631301
(g)Isobaculum,MElightblue1,genus,trans,0.472652135159225,-0.472652135159225,neg,0.00157371944810751
(g)Isobaculum,MElightblue4,genus,trans,0.452880641763228,-0.452880641763228,neg,0.00259872376445029
(g)Isobaculum,MEmagenta1,genus,trans,0.422899278826675,0.422899278826675,pos,0.00526702469670613
(g)Isobaculum,MEmistyrose4,genus,trans,0.493558058504173,-0.493558058504173,neg,0.000895568963815734
(g)Isobaculum,MEslateblue1,genus,trans,0.457742484401588,0.457742484401588,pos,0.0023034614662025
(g)Kocuria,MEantiquewhite,genus,trans,0.440888096588607,-0.440888096588607,neg,0.00347350280414235
(g)Kocuria,MEdarkolivegreen4,genus,trans,0.413013532128677,0.413013532128677,pos,0.00655989114991815
(g)Kocuria,MEdodgerblue,genus,trans,0.415930637711693,0.415930637711693,pos,0.00615255630082724
(g)Kocuria,MEfirebrick,genus,trans,0.463900818410177,0.463900818410177,pos,0.00197212396064529
(g)Kocuria,MElightslateblue,genus,trans,0.404910461064744,-0.404910461064744,neg,0.0078159857505384
(g)Kocuria,MElightsteelblue,genus,trans,0.401183048375334,0.401183048375334,pos,0.00846010825563653
(g)Kocuria,MElimegreen,genus,trans,0.478486346325257,-0.478486346325257,neg,0.00134941736372855
(g)Kocuria,MEmagenta,genus,trans,0.414958269184021,-0.414958269184021,neg,0.00628583039007139
(g)Kocuria,MEmintcream,genus,trans,0.485779110282797,-0.485779110282797,neg,0.00110918833756419
(g)Kocuria,MEorange3,genus,trans,0.405882829592416,-0.405882829592416,neg,0.00765507290729028
(g)Kocuria,MEpalegreen4,genus,trans,0.458876914350539,0.458876914350539,pos,0.00223897643200268
(g)Kocuria,MEplum3,genus,trans,0.432947086945953,0.432947086945953,pos,0.00418570904423058
(g)Kocuria,MEpurple2,genus,trans,0.45871485292926,0.45871485292926,pos,0.00224809008786575
(g)Kocuria,MEskyblue3,genus,trans,0.437160683899198,0.437160683899198,pos,0.00379338046463114
(g)Kocuria,MEslateblue2,genus,trans,0.468114415363423,0.468114415363423,pos,0.00177037857406666
(g)Kocuria,MEtan4,genus,trans,0.433109148367231,-0.433109148367231,neg,0.0041699893447124
(g)Kocuria,MEthistle4,genus,trans,0.438457175269427,-0.438457175269427,neg,0.00367931512967031
(g)Lactobacillus,MEdarkgoldenrod4,genus,trans,0.439105420954542,-0.439105420954542,neg,0.00362341538714193
(g)Lactobacillus,MEdarkolivegreen,genus,trans,0.414958269184021,0.414958269184021,pos,0.00628583039007139
(g)Lactobacillus,MEfirebrick4,genus,trans,0.422088971720282,0.422088971720282,pos,0.00536395069168262
(g)Lactobacillus,MEnavajowhite2,genus,trans,0.452556518920671,0.452556518920671,pos,0.00261954076239567
(g)Lactobacillus,MErosybrown,genus,trans,0.419333927558545,0.419333927558545,pos,0.00570517738696494
(g)Lactobacillus,MErosybrown3,genus,trans,0.416092699132971,-0.416092699132971,neg,0.00613058353029011
(g)Lactococcus,MEdodgerblue3,genus,trans,0.456932177295195,-0.456932177295195,neg,0.00235051813767917
(g)Lactococcus,MEmagenta1,genus,trans,0.417065067660643,0.417065067660643,pos,0.00600016860431741
(g)Lactococcus,MEorange2,genus,trans,0.401993355481728,-0.401993355481728,neg,0.00831632779748291
(g)Lactococcus,MEsienna3,genus,trans,0.420954541771331,0.420954541771331,pos,0.005502247211286
(g)Meiothermus,MEdarkolivegreen1,genus,trans,0.41868568187343,-0.41868568187343,neg,0.00578814866177006
(g)Meiothermus,MEdeeppink2,genus,trans,0.483348188963617,-0.483348188963617,neg,0.00118465996205767
(g)Meiothermus,MEgreenyellow,genus,trans,0.454339194554736,-0.454339194554736,neg,0.00250683625061905
(g)Meiothermus,MEindianred3,genus,trans,0.463738756988899,-0.463738756988899,neg,0.0019802729803706
(g)Meiothermus,MElightpink3,genus,trans,0.418361559030873,-0.418361559030873,neg,0.00583002517959242
(g)Meiothermus,MErosybrown2,genus,trans,0.427436998622478,-0.427436998622478,neg,0.00475186075218086
(g)Meiothermus,MEsalmon1,genus,trans,0.407989628069038,-0.407989628069038,neg,0.00731619612227145
(g)Meiothermus,MEyellow4,genus,trans,0.415444453447857,-0.415444453447857,neg,0.00621888427250921
(g)Methylobacterium,MEchartreuse3,genus,trans,0.474758933635848,-0.474758933635848,neg,0.00148917854571867
(g)Methylobacterium,MEhotpink2,genus,trans,0.424844015882019,0.424844015882019,pos,0.0050405861092577
(g)Methylobacterium,MEindianred,genus,trans,0.426788752937363,-0.426788752937363,neg,0.00482265833865443
(g)Methylobacterium,MEmagenta2,genus,trans,0.422899278826675,-0.422899278826675,neg,0.00526702469670613
(g)Methylobacterium,MEplum1,genus,trans,0.459363098614375,-0.459363098614375,neg,0.00221183046347858
(g)Methylobacterium,MEroyalblue,genus,trans,0.4781622234827,-0.4781622234827,neg,0.00136109091081623
(g)Methylobacterium,MEroyalblue3,genus,trans,0.451584150392999,-0.451584150392999,neg,0.00268287382757589
(g)Micrococcus,MEcoral4,genus,trans,0.430192042784215,0.430192042784215,pos,0.00446096505585664
(g)Micrococcus,MEslateblue3,genus,trans,0.410582610809497,0.410582610809497,pos,0.00691694976770634
(g)Micrococcus,MEsteelblue3,genus,trans,0.416092699132971,-0.416092699132971,neg,0.00613058353029011
(g)Myroides,MEchocolate,genus,trans,0.405072522486022,0.405072522486022,pos,0.00778896631282379
(g)Naxibacter,MEdodgerblue,genus,trans,0.448180860546147,0.448180860546147,pos,0.00291526156996006
(g)Nocardiopsis,MEperu,genus,trans,0.497447532614861,0.497447532614861,pos,0.000803190980977595
(g)Paracoccus,InnerMiddleOuterBelt,genus,CT,0.468644464043222,-0.468644464043222,neg,0.00174633853201933
(g)Pediococcus,MEcornflowerblue,genus,trans,0.459687221456932,-0.459687221456932,neg,0.00219389466510425
(g)Pediococcus,MEgreen4,genus,trans,0.41625476055425,0.41625476055425,pos,0.00610867874735982
(g)Pediococcus,MElavender,genus,trans,0.510250384895876,-0.510250384895876,neg,0.000556130133715309
(g)Pediococcus,MElightsteelblue,genus,trans,0.424033708775626,-0.424033708775626,neg,0.0051338856916694
(g)Pediococcus,MEpalegreen4,genus,trans,0.475245117899684,-0.475245117899684,neg,0.00147025016194434
(g)Pediococcus,MEpaleturquoise3,genus,trans,0.401831294060449,0.401831294060449,pos,0.0083449145090752
(g)Pediococcus,MEpurple2,genus,trans,0.434243578316182,-0.434243578316182,neg,0.00406138626641135
(g)Pediococcus,MEroyalblue1,genus,trans,0.402479539745564,0.402479539745564,pos,0.00823107256999511
(g)Pediococcus,MEslateblue4,genus,trans,0.424844015882019,0.424844015882019,pos,0.0050405861092577
(g)Pediococcus,MEsnow,genus,trans,0.445749939226967,0.445749939226967,pos,0.00309189219456107
(g)Pediococcus,MEsteelblue4,genus,trans,0.426626691516085,-0.426626691516085,neg,0.00484050047154128
(g)Prevotella,MEpink2,genus,trans,0.415930637711693,-0.415930637711693,neg,0.00615255630082724
(g)Prevotella,MEskyblue2,genus,trans,0.414958269184021,0.414958269184021,pos,0.00628583039007139
(g)Pseudomonas,MEantiquewhite,genus,trans,0.460821651405883,0.460821651405883,pos,0.00213212459111512
(g)Pseudomonas,MEblueviolet,genus,trans,0.450935904707884,0.450935904707884,pos,0.00272583967616612
(g)Pseudomonas,MEdodgerblue4,genus,trans,0.401993355481728,0.401993355481728,pos,0.00831632779748291
(g)Pseudomonas,MEfirebrick,genus,trans,0.507009156470302,-0.507009156470302,neg,0.000611200387891493
(g)Pseudomonas,MEfirebrick3,genus,trans,0.401993355481728,-0.401993355481728,neg,0.00831632779748291
(g)Pseudomonas,MEhotpink2,genus,trans,0.403938092537072,-0.403938092537072,neg,0.00797980410866402
(g)Pseudomonas,MEivory,genus,trans,0.426626691516085,-0.426626691516085,neg,0.00484050047154128
(g)Pseudomonas,MElightgoldenrod2,genus,trans,0.449801474758934,-0.449801474758934,neg,0.00280248584823519
(g)Pseudomonas,MElightsteelblue,genus,trans,0.445587877805688,-0.445587877805688,neg,0.00310399425513542
(g)Pseudomonas,MEnavajowhite1,genus,trans,0.432460902682116,-0.432460902682116,neg,0.00423317870214794
(g)Pseudomonas,MEorange3,genus,trans,0.439915728060935,0.439915728060935,pos,0.00355458609786977
(g)Pseudomonas,MEpurple2,genus,trans,0.465359371201685,-0.465359371201685,neg,0.00190010430646785
(g)Pseudomonas,MEskyblue3,genus,trans,0.487237663074305,-0.487237663074305,neg,0.00106598559851434
(g)Pseudomonas,MEslateblue2,genus,trans,0.517381087432137,-0.517381087432137,neg,0.000450312420836498
(g)Pseudoxanthomonas,MEroyalblue2,genus,trans,0.408799935175432,0.408799935175432,pos,0.00718934898390933
(g)Pseudoxanthomonas,MEseashell3,genus,trans,0.400858925532777,0.400858925532777,pos,0.00851821610958764
(g)Rheinheimera,MEfirebrick3,genus,trans,0.425168138724577,0.425168138724577,pos,0.0050036810676697
(g)Rhizobium,MEblue1,genus,trans,0.481565513329552,-0.481565513329552,neg,0.00124287034654474
(g)Rhizobium,MElightskyblue,genus,trans,0.542824730572887,-0.542824730572887,neg,0.000203924321437599
(g)Rhizobium,MEpaleturquoise1,genus,trans,0.445263754963131,0.445263754963131,pos,0.00312832301724643
(g)Rhizobium,MEred4,genus,trans,0.556275828539016,-0.556275828539016,neg,0.000130676533765666
(g)Rhizobium,MEturquoise,genus,trans,0.50004051535532,-0.50004051535532,neg,0.00074642654176899
(g)Salinarimonas,MEindianred2,genus,trans,0.456932177295195,0.456932177295195,pos,0.00235051813767917
(g)Serpens,MEindianred2,genus,trans,0.583988331577668,0.583988331577668,pos,4.90663767602835e-05
(g)Serratia,MEbisque1,genus,trans,0.423871647354347,-0.423871647354347,neg,0.00515272463103069
(g)Serratia,MEchocolate2,genus,trans,0.420468357507495,0.420468357507495,pos,0.00556245794347867
(g)Serratia,MEcyan4,genus,trans,0.479782837695487,0.479782837695487,pos,0.00130360621247082
(g)Serratia,MEfirebrick1,genus,trans,0.44785673770359,-0.44785673770359,neg,0.0029382885837535
(g)Serratia,MEmistyrose4,genus,trans,0.423871647354347,-0.423871647354347,neg,0.00515272463103069
(g)Serratia,MEturquoise2,genus,trans,0.444939632120574,0.444939632120574,pos,0.00315281876645292
(g)Serratia,MEyellow2,genus,trans,0.407989628069038,-0.407989628069038,neg,0.00731619612227145
(g)Sphingobacterium,MEmagenta4,genus,trans,0.413337654971234,-0.413337654971234,neg,0.0065135093253201
(g)Sphingobium,MEkhaki3,genus,trans,0.402803662588121,-0.402803662588121,neg,0.00817465449567013
(g)Sphingobium,MEpink2,genus,trans,0.472976258001783,-0.472976258001783,neg,0.0015604428072287
(g)Sphingobium,MEseashell2,genus,trans,0.436998622477919,-0.436998622477919,neg,0.00380785363798813
(g)Sphingomonas,MElightskyblue,genus,trans,0.435053885422575,0.435053885422575,pos,0.00398533178709789
(g)Staphylococcus,MEdarkgoldenrod4,genus,trans,0.43084028846933,-0.43084028846933,neg,0.00439481847156586
(g)Staphylococcus,MEdarkorange,genus,trans,0.422899278826675,0.422899278826675,pos,0.00526702469670613
(g)Staphylococcus,MEindianred4,genus,trans,0.441374280852443,0.441374280852443,pos,0.00343357155670653
(g)Staphylococcus,MElightblue4,genus,trans,0.413175593549955,-0.413175593549955,neg,0.00653666465965871
(g)Staphylococcus,MElightpink3,genus,trans,0.56680982092213,-0.56680982092213,neg,9.09826556878429e-05
(g)Staphylococcus,MEpink2,genus,trans,0.414472084920185,-0.414472084920185,neg,0.00635339937548134
(g)Staphylococcus,MEseashell2,genus,trans,0.419171866137266,-0.419171866137266,neg,0.00572582290464998
(g)Staphylococcus,MEyellow4,genus,trans,0.531966615347217,-0.531966615347217,neg,0.000288155414177325
(g)Stenotrophomonas,MEbisque2,genus,trans,0.410420549388218,0.410420549388218,pos,0.00694133932986376
(g)Stenotrophomonas,MEbrown,genus,trans,0.480106960538044,-0.480106960538044,neg,0.00129237129772298
(g)Stenotrophomonas,MEbrown1,genus,trans,0.405882829592416,-0.405882829592416,neg,0.00765507290729028
(g)Stenotrophomonas,MEchocolate,genus,trans,0.446722307754639,0.446722307754639,pos,0.00302014481190648
(g)Stenotrophomonas,MEcoral2,genus,trans,0.466655862571915,-0.466655862571915,neg,0.00183804693312703
(g)Stenotrophomonas,MEcoral4,genus,trans,0.429867919941658,0.429867919941658,pos,0.00449436242124116
(g)Stenotrophomonas,MEcornflowerblue,genus,trans,0.564540961024228,-0.564540961024228,neg,9.84635538510617e-05
(g)Stenotrophomonas,MEcyan1,genus,trans,0.45871485292926,-0.45871485292926,neg,0.00224809008786575
(g)Stenotrophomonas,MEdarkgoldenrod1,genus,trans,0.474272749372012,-0.474272749372012,neg,0.00150832248149423
(g)Stenotrophomonas,MEdarkgrey,genus,trans,0.404748399643465,0.404748399643465,pos,0.00784308589602329
(g)Stenotrophomonas,MEdarkseagreen,genus,trans,0.510574507738433,0.510574507738433,pos,0.000550875295595551
(g)Stenotrophomonas,MEdarkseagreen2,genus,trans,0.400048618426384,0.400048618426384,pos,0.00866498918913198
(g)Stenotrophomonas,MEdodgerblue3,genus,trans,0.56680982092213,-0.56680982092213,neg,9.09826556878429e-05
(g)Stenotrophomonas,MEfirebrick,genus,trans,0.410420549388218,-0.410420549388218,neg,0.00694133932986376
(g)Stenotrophomonas,MEgreen4,genus,trans,0.443643140750344,0.443643140750344,pos,0.00325249095242356
(g)Stenotrophomonas,MEivory,genus,trans,0.412527347864841,-0.412527347864841,neg,0.00662999934871725
(g)Stenotrophomonas,MElightblue1,genus,trans,0.45271858034195,-0.45271858034195,neg,0.00260911401367095
(g)Stenotrophomonas,MElightblue2,genus,trans,0.466331739729357,0.466331739729357,pos,0.001853391011145
(g)Stenotrophomonas,MElightgoldenrod3,genus,trans,0.441374280852443,0.441374280852443,pos,0.00343357155670653
(g)Stenotrophomonas,MElightseagreen,genus,trans,0.439591605218378,0.439591605218378,pos,0.00358197933947017
(g)Stenotrophomonas,MElightskyblue4,genus,trans,0.416578883396807,0.416578883396807,pos,0.00606507245278966
(g)Stenotrophomonas,MElightsteelblue,genus,trans,0.531966615347217,-0.531966615347217,neg,0.000288155414177325
(g)Stenotrophomonas,MElightyellow4,genus,trans,0.433433271209789,0.433433271209789,pos,0.00413870437818893
(g)Stenotrophomonas,MEmagenta1,genus,trans,0.487723847338141,0.487723847338141,pos,0.00105192097193009
(g)Stenotrophomonas,MEmoccasin,genus,trans,0.496637225508468,0.496637225508468,pos,0.000821703111292662
(g)Stenotrophomonas,MEorange1,genus,trans,0.421926910299003,-0.421926910299003,neg,0.00538352064392834
(g)Stenotrophomonas,MEorange2,genus,trans,0.496151041244632,-0.496151041244632,neg,0.000832992176813644
(g)Stenotrophomonas,MEpink2,genus,trans,0.419009804715987,-0.419009804715987,neg,0.00574653317813279
(g)Stenotrophomonas,MEplum,genus,trans,0.424844015882019,0.424844015882019,pos,0.0050405861092577
(g)Stenotrophomonas,MEpowderblue,genus,trans,0.481565513329552,-0.481565513329552,neg,0.00124287034654474
(g)Stenotrophomonas,MEpurple2,genus,trans,0.530832185398266,-0.530832185398266,neg,0.000298554253305672
(g)Stenotrophomonas,MEsalmon1,genus,trans,0.438619236690706,-0.438619236690706,neg,0.00366526997915687
(g)Stenotrophomonas,MEslateblue,genus,trans,0.545093590470788,-0.545093590470788,neg,0.000189427057114817
(g)Stenotrophomonas,MEsteelblue4,genus,trans,0.530508062555709,-0.530508062555709,neg,0.00030158677055524
(g)Stenotrophomonas,MEthistle4,genus,trans,0.409448180860546,0.409448180860546,pos,0.0070892423154706
(g)Stenotrophomonas,MEwheat3,genus,trans,0.54606595899846,-0.54606595899846,neg,0.000183504181878647
(g)Tetrasphaera,MEcyan,genus,trans,0.435864192528968,-0.435864192528968,neg,0.00391052366170134
(g)Tetrasphaera,MEdarkseagreen4,genus,trans,0.412851470707398,-0.412851470707398,neg,0.00658318897518564
(g)Tetrasphaera,MEdeeppink2,genus,trans,0.40166923263917,-0.40166923263917,neg,0.0083735857082127
(g)Tetrasphaera,MEdodgerblue,genus,trans,0.432460902682116,0.432460902682116,pos,0.00423317870214794
(g)Tetrasphaera,MEfirebrick2,genus,trans,0.464062879831456,-0.464062879831456,neg,0.00196400455148247
(g)Tetrasphaera,MEindianred3,genus,trans,0.479134592010372,-0.479134592010372,neg,0.0013263363397701
(g)Tetrasphaera,MElightskyblue,genus,trans,0.434081516894903,-0.434081516894903,neg,0.00407674824208723
(g)Tetrasphaera,MEpowderblue,genus,trans,0.496151041244632,-0.496151041244632,neg,0.000832992176813644
(g)Tetrasphaera,MEred4,genus,trans,0.401507171217892,-0.401507171217892,neg,0.00840234159720034
(g)Truepera,InnerMiddleOuterBelt,genus,CT,0.450633260074718,-0.450633260074718,neg,0.00274610516151572
(g)Weissella,MEpowderblue,genus,trans,0.449153229073819,0.449153229073819,pos,0.00284712792915817
(k)Bacteria,MEbisque1,genus,trans,0.40053480269022,0.40053480269022,pos,0.00857666678967408
(o)[Pedosphaerales],MEseashell2,genus,trans,0.43683656105664,0.43683656105664,pos,0.00382237503540056
(o)Actinomycetales,MEdodgerblue1,genus,trans,0.403613969694514,0.403613969694514,pos,0.00803506323085479
(o)Actinomycetales,MEpink2,genus,trans,0.422575155984118,0.422575155984118,pos,0.00530561098505947
(o)Actinomycetales,MErosybrown3,genus,trans,0.409448180860546,0.409448180860546,pos,0.0070892423154706
(o)Bacillales,MEbisque1,genus,trans,0.462604327039948,-0.462604327039948,neg,0.00203815296107721
(o)Bacillales,MEdarkolivegreen1,genus,trans,0.55708613564541,-0.55708613564541,neg,0.000127142105026531
(o)Bacillales,MEdeeppink2,genus,trans,0.629689652378251,-0.629689652378251,neg,7.90524321737585e-06
(o)Bacillales,MEdodgerblue,genus,trans,0.491127137184993,0.491127137184993,pos,0.000958004124503981
(o)Bacillales,MEfirebrick2,genus,trans,0.451584150392999,-0.451584150392999,neg,0.00268287382757589
(o)Bacillales,MEgrey60,genus,trans,0.513167490478892,0.513167490478892,pos,0.000510411461937593
(o)Bacillales,MEhoneydew,genus,trans,0.528725386921643,0.528725386921643,pos,0.000318766777053422
(o)Bacillales,MEindianred3,genus,trans,0.503443805202172,-0.503443805202172,neg,0.000677368545972864
(o)Bacillales,MElightskyblue,genus,trans,0.565027145288064,-0.565027145288064,neg,9.68150661802727e-05
(o)Bacillales,MElightskyblue1,genus,trans,0.461631958512276,0.461631958512276,pos,0.00208894691528885
(o)Bacillales,MEmediumpurple2,genus,trans,0.522080868649218,-0.522080868649218,neg,0.00039083329785315
(o)Bacillales,MEnavajowhite1,genus,trans,0.55822056559436,0.55822056559436,pos,0.00012233934571715
(o)Bacillales,MEpaleturquoise,genus,trans,0.449477351916376,0.449477351916376,pos,0.00282472946090236
(o)Bacillales,MEpaleturquoise1,genus,trans,0.573454339194555,0.573454339194555,pos,7.19452764356717e-05
(o)Bacillales,MEperu,genus,trans,0.485941171704076,0.485941171704076,pos,0.00110431236996729
(o)Bacillales,MEred4,genus,trans,0.459849282878211,-0.459849282878211,neg,0.00218497492577369
(o)Bacillales,MErosybrown2,genus,trans,0.570051049347703,-0.570051049347703,neg,8.11890257225421e-05
(o)Bacillales,MEsienna3,genus,trans,0.441050158009886,0.441050158009886,pos,0.00346014747110792
(o)Bacillales,MEturquoise,genus,trans,0.537476703670691,-0.537476703670691,neg,0.000242138938278304
(o)Rhodospirillales,InnerMiddleOuterBelt,genus,CT,0.463170470680246,-0.463170470680246,neg,0.00200908372138499
(o)Rhodospirillales,MEbisque3,genus,trans,0.402641601166842,0.402641601166842,pos,0.00820282179228969
Ctvalue,MEantiquewhite3,CT,trans,0.453135888501742,-0.453135888501742,neg,0.00292857895040275
Ctvalue,MEblue4,CT,trans,0.406271777003484,-0.406271777003484,neg,0.00839592551455293
Ctvalue,MEbrown,CT,trans,0.423344947735192,0.423344947735192,pos,0.00581722719387121
Ctvalue,MEbrown1,CT,trans,0.482404181184669,0.482404181184669,pos,0.00140269215521014
Ctvalue,MEchartreuse4,CT,trans,0.461846689895471,-0.461846689895471,neg,0.00236816075715261
Ctvalue,MEchocolate,CT,trans,0.404878048780488,-0.404878048780488,neg,0.00864422272974187
Ctvalue,MEchocolate3,CT,trans,0.479616724738676,-0.479616724738676,neg,0.00150879351420672
Ctvalue,MEcoral4,CT,trans,0.572648083623693,-0.572648083623693,neg,9.13657662770257e-05
Ctvalue,MEcornsilk2,CT,trans,0.470034843205575,-0.470034843205575,neg,0.0019296988571684
Ctvalue,MEdarkseagreen1,CT,trans,0.457317073170732,-0.457317073170732,neg,0.00264653286537276
Ctvalue,MEgoldenrod4,CT,trans,0.445470383275261,-0.445470383275261,neg,0.00351464343945653
Ctvalue,MEhotpink4,CT,trans,0.437979094076655,-0.437979094076655,neg,0.00418393163836113
Ctvalue,MEkhaki2,CT,trans,0.541637630662021,-0.541637630662021,neg,0.000254964518251813
Ctvalue,MElavenderblush,CT,trans,0.436585365853659,-0.436585365853659,neg,0.00432000816523826
Ctvalue,MElightblue,CT,trans,0.429094076655052,-0.429094076655052,neg,0.00511944710597037
Ctvalue,MElightblue1,CT,trans,0.624738675958188,0.624738675958188,pos,1.26604403480611e-05
Ctvalue,MElightblue4,CT,trans,0.561149825783972,0.561149825783972,pos,0.00013527018820311
Ctvalue,MElightcyan,CT,trans,0.510627177700349,0.510627177700349,pos,0.000646928123403565
Ctvalue,MElightgoldenrod3,CT,trans,0.555923344947735,-0.555923344947735,neg,0.000160921526890538
Ctvalue,MElightpink2,CT,trans,0.461149825783972,-0.461149825783972,neg,0.00240923508837127
Ctvalue,MElightpink4,CT,trans,0.451742160278746,0.451742160278746,pos,0.00302827828955199
Ctvalue,MEmagenta1,CT,trans,0.535540069686411,-0.535540069686411,neg,0.000308385077753054
Ctvalue,MEmediumblue,CT,trans,0.517421602787457,-0.517421602787457,neg,0.00053154212736921
Ctvalue,MEmediumorchid1,CT,trans,0.502613240418119,-0.502613240418119,neg,0.000811403444675766
Ctvalue,MEmistyrose4,CT,trans,0.59006968641115,0.59006968641115,pos,4.899441743453e-05
Ctvalue,MEnavajowhite4,CT,trans,0.487282229965157,0.487282229965157,pos,0.00123282533699246
Ctvalue,MEpaleturquoise3,CT,trans,0.451219512195122,-0.451219512195122,neg,0.00306642503440428
Ctvalue,MEpurple,CT,trans,0.419512195121951,0.419512195121951,pos,0.00632690461182846
Ctvalue,MEroyalblue1,CT,trans,0.428919860627178,-0.428919860627178,neg,0.00513947255996422
Ctvalue,MEroyalblue2,CT,trans,0.483797909407666,-0.483797909407666,neg,0.00135216247945645
Ctvalue,MEsalmon1,CT,trans,0.426480836236934,0.426480836236934,pos,0.00542705231886
Ctvalue,MEsienna1,CT,trans,0.411672473867596,-0.411672473867596,neg,0.00749077318430528
Ctvalue,MEskyblue4,CT,trans,0.471254355400697,0.471254355400697,pos,0.00187093567176105
Ctvalue,MEslateblue1,CT,trans,0.537630662020906,-0.537630662020906,neg,0.000289031947744033
Ctvalue,MEslateblue3,CT,trans,0.447560975609756,-0.447560975609756,neg,0.00334543853681526
Ctvalue,MEsteelblue3,CT,trans,0.436411149825784,0.436411149825784,pos,0.00433728578070799
Ctvalue,MEtan4,CT,trans,0.443205574912892,-0.443205574912892,neg,0.00370634442415371
Ctvalue,MEthistle4,CT,trans,0.433275261324042,-0.433275261324042,neg,0.00465873721013129
Ctvalue,MEturquoise4,CT,trans,0.499825783972126,-0.499825783972126,neg,0.000876793859481432
Ctvalue,MEwhitesmoke,CT,trans,0.526655052264808,-0.526655052264808,neg,0.000404295131112348
InnerMiddleOuterBelt,MEbisque3,CT,trans,0.539276636468726,-0.539276636468726,neg,0.000228611564150997
InnerMiddleOuterBelt,MEblue3,CT,trans,0.414787432568775,0.414787432568775,pos,0.00630950172239377
InnerMiddleOuterBelt,MEdarkgrey,CT,trans,0.447278231884507,-0.447278231884507,neg,0.00297978485029076
InnerMiddleOuterBelt,MEkhaki3,CT,trans,0.452840515463015,0.452840515463015,pos,0.00260129298931919
InnerMiddleOuterBelt,MEolivedrab4,CT,trans,0.443481752616636,0.443481752616636,pos,0.00326508936784305
InnerMiddleOuterBelt,MEorange1,CT,trans,0.435005891925576,0.435005891925576,pos,0.00398980150773304
InnerMiddleOuterBelt,MEplum,CT,trans,0.425647129079196,-0.425647129079196,neg,0.0049495727766265
InnerMiddleOuterBelt,MEslateblue,CT,trans,0.434476150632384,0.434476150632384,pos,0.00403942876818091
InnerMiddleOuterBelt,MEtan2,CT,trans,0.452222483954292,-0.452222483954292,neg,0.00264114759925069
InnerMiddleOuterBelt,MEtomato2,CT,trans,0.424852517139409,0.424852517139409,pos,0.00503961513181132
LesionType,MEantiquewhite3,CT,trans,0.402952806572832,-0.402952806572832,neg,0.00814880592390721
LesionType,MEbrown1,CT,trans,0.447336288555608,0.447336288555608,pos,0.00297559736147701
LesionType,MEchocolate3,CT,trans,0.517933468852304,-0.517933468852304,neg,0.000442923893439662
LesionType,MEcoral4,CT,trans,0.504400765390605,-0.504400765390605,neg,0.000659007961370028
LesionType,MEcornsilk2,CT,trans,0.406075738140916,-0.406075738140916,neg,0.00762349106931383
LesionType,MEdarkseagreen1,CT,trans,0.465222169354636,-0.465222169354636,neg,0.0019067785877132
LesionType,MEgrey,CT,trans,0.434087487963734,0.434087487963734,pos,0.00407618133962476
LesionType,MEkhaki2,CT,trans,0.420176247342267,-0.420176247342267,neg,0.00559890811832791
LesionType,MElavenderblush,CT,trans,0.509889554207238,-0.509889554207238,neg,0.000562032856327217
LesionType,MElightblue1,CT,trans,0.583136494622309,0.583136494622309,pos,5.0633643088431e-05
LesionType,MElightblue4,CT,trans,0.509794919917296,0.509794919917296,pos,0.000563590206517458
LesionType,MElightcyan,CT,trans,0.498817342284029,0.498817342284029,pos,0.000772741335116566
LesionType,MElightgoldenrod3,CT,trans,0.483202684443607,-0.483202684443607,neg,0.00118931871838063
LesionType,MElightpink4,CT,trans,0.430207482076114,0.430207482076114,pos,0.00445937961296908
LesionType,MEmediumblue,CT,trans,0.460490454857539,-0.460490454857539,neg,0.00214999787269251
LesionType,MEmediumorchid1,CT,trans,0.405318663821381,-0.405318663821381,neg,0.00774808272226783
LesionType,MEmistyrose4,CT,trans,0.491909039118267,0.491909039118267,pos,0.000937511824008592
LesionType,MEnavajowhite4,CT,trans,0.484906101662562,0.484906101662562,pos,0.00113578540171508
LesionType,MEpaleturquoise3,CT,trans,0.443267014088104,-0.443267014088104,neg,0.00328191873357592
LesionType,MEroyalblue1,CT,trans,0.410902086927956,-0.410902086927956,neg,0.00686908668424119
LesionType,MEsienna1,CT,trans,0.404845492371671,-0.404845492371671,neg,0.00782684020639343
LesionType,MEslateblue1,CT,trans,0.469669980981908,-0.469669980981908,neg,0.00170064477263002
LesionType,MEslateblue3,CT,trans,0.462288506366436,-0.462288506366436,neg,0.0020545297999361
LesionType,MEturquoise4,CT,trans,0.441090425419439,-0.441090425419439,neg,0.00345683604916291
LesionType,MEwhitesmoke,CT,trans,0.522286646189634,-0.522286646189634,neg,0.000388398368729707
MaxDiameter,MEbrown,CT,trans,0.412796191000383,0.412796191000383,pos,0.00659115229163715
MaxDiameter,MEbrown1,CT,trans,0.407826669064124,0.407826669064124,pos,0.00734193794092954
MaxDiameter,MEcornflowerblue,CT,trans,0.439191684563463,0.439191684563463,pos,0.00361603295261739
MaxDiameter,MEkhaki2,CT,trans,0.412144450418579,-0.412144450418579,neg,0.00668566858676658
MaxDiameter,MElightgoldenrod4,CT,trans,0.458336564153968,-0.458336564153968,neg,0.00226949074939514
MaxDiameter,MEmagenta1,CT,trans,0.460210318326655,-0.460210318326655,neg,0.00216521862800859
MaxDiameter,MEpurple2,CT,trans,0.423957248463784,0.423957248463784,pos,0.00514276640091238
MaxDiameter,MEsalmon1,CT,trans,0.449456598726882,0.449456598726882,pos,0.00282615895764304
MaxDiameter,MEwheat3,CT,trans,0.400657522664275,0.400657522664275,pos,0.00855449565618142
MEaliceblue,Size_UD,trans,CT,0.468295284574526,-0.468295284574526,neg,0.00176214268645694
MEkhaki2,Size_FR,trans,CT,0.443064814162176,-0.443064814162176,neg,0.0032978348346651
MElightgoldenrod4,Size_FR,trans,CT,0.491490750204842,-0.491490750204842,neg,0.000948425361189682
MElightgoldenrod4,Size_LR,trans,CT,0.440691535929268,-0.440691535929268,neg,0.00348976170520598
MEmagenta1,Size_FR,trans,CT,0.469146568305961,-0.469146568305961,neg,0.00172383252092625
MEsalmon1,Size_FR,trans,CT,0.430064562875554,0.430064562875554,pos,0.00447407459867927
